<?xml version="1.0"?>
<!--
/**
* Copyright © 2019 V2Agency . All rights reserved.
*
*/
-->
<config xmlns:xsi="http://www.w3.org/2001/XMLSchema-instance" xsi:noNamespaceSchemaLocation="../../../../Magento/Backend/etc/system_file.xsd">
    <system>
         <!-- create section -->
        <section id="sociallogin_settings" translate="label" type="text" sortOrder="20" showInDefault="1" showInWebsite="1" showInStore="1">
            <class>separator-top</class>
            <label>Social Login</label>
            <!-- Assign section to tab -->
            <tab>v2agency</tab>
            <resource>V2Agency_Sociallogin::sociallogin</resource>
            <!-- create group for fields in section -->
            <group id="sociallogin" translate="label" type="text" sortOrder="10" showInDefault="1" showInWebsite="1" showInStore="1">
                <label>General</label>
                <!-- create field -->
                <field id="enable" translate="label" type="select" sortOrder="10" showInDefault="1" showInWebsite="1" showInStore="1">
                    <label>Enable</label>
                    <source_model>Magento\Config\Model\Config\Source\Yesno</source_model>
                </field>
				<field id="redirect_page" translate="label" type="select" sortOrder="20" showInDefault="1" showInWebsite="1" showInStore="1">
                    <label>Redirect Page</label>
					<source_model>V2Agency\Sociallogin\Model\Source\Position</source_model>
					<depends>
                        <field id="enable">1</field>
                    </depends>
                </field>
				<field id="email_from" translate="label" type="select" sortOrder="40" showInDefault="1" showInWebsite="1" showInStore="1">
                    <label>Email Sender</label>
					<source_model>Magento\Config\Model\Config\Source\Email\Identity</source_model>
					<comment><![CDATA[Email Sender]]></comment>
					<depends>
                        <field id="enable">1</field>
                    </depends>
                </field>
				<field id="display_header" translate="label" type="select" sortOrder="45" showInDefault="1" showInWebsite="1" showInStore="1">
                    <label>Display</label>
                    <source_model>Magento\Config\Model\Config\Source\Yesno</source_model>
					<depends>
                        <field id="enable">1</field>
                    </depends>
                </field>
                <field id="position" translate="label" type="select" sortOrder="50" showInDefault="1" showInWebsite="1" showInStore="1">
                    <label>Display Position</label>
                    <source_model>V2Agency\Sociallogin\Model\Source\Positioninpage</source_model>
                    <depends>
                        <field id="enable">1</field>
                    </depends>
                </field>
				<field id="group_button_text" translate="label" type="text" sortOrder="555" showInDefault="1" showInWebsite="1" showInStore="1">
                    <label>Group button title</label>
					<depends>
                        <field id="enable">1</field>
                    </depends>
                </field>
            </group>
            <!-- create group for fields in section -->
            <group id="facebook" translate="label" type="text" sortOrder="20" showInDefault="1" showInWebsite="1" showInStore="1">
                <label>Facebook Configuration</label>
                <field id="enable" translate="label" type="select" sortOrder="10" showInDefault="1" showInWebsite="1" showInStore="1">
                    <label>Enable</label>
                    <source_model>Magento\Config\Model\Config\Source\Yesno</source_model>
                </field>
				<field id="app_id" translate="label" type="text" sortOrder="15" showInDefault="1" showInWebsite="1" showInStore="1">
                    <label>App Id</label>
					<depends>
                        <field id="enable">1</field>
                    </depends>
                </field>
				<field id="app_secret" translate="label" type="text" sortOrder="20" showInDefault="1" showInWebsite="1" showInStore="1">
                    <label>App Secret</label>
					<depends>
                        <field id="enable">1</field>
                    </depends>
                </field>
				<field id="send_password" translate="label" type="select" sortOrder="30" showInDefault="1" showInWebsite="1" showInStore="1">
                    <label>Send Password to Customer</label>
                    <source_model>Magento\Config\Model\Config\Source\Yesno</source_model>
					<depends>
                        <field id="enable">1</field>
                    </depends>
                </field>
				<field id="order" translate="label" type="text" sortOrder="35" showInDefault="1" showInWebsite="1" showInStore="1">
                    <label>Sort Order</label>
					<depends>
                        <field id="enable">1</field>
                    </depends>
                </field>
				<field id="callback_url" translate="label" type="label" sortOrder="40" showInDefault="1" showInWebsite="1" showInStore="1">
					<label>Callback url</label>
					<comment>Please set callback url to app : {{base_url}}/v2agencysociallogin/facebook/connect</comment>
                </field>
            </group>
            <group id="twitter" translate="label" type="text" sortOrder="25" showInDefault="1" showInWebsite="1" showInStore="1">
                <label>Twitter Configuration</label>
                <field id="enable" translate="label" type="select" sortOrder="10" showInDefault="1" showInWebsite="1" showInStore="1">
                    <label>Enable</label>
                    <source_model>Magento\Config\Model\Config\Source\Yesno</source_model>
                </field>
				<field id="api_key" translate="label" type="text" sortOrder="15" showInDefault="1" showInWebsite="1" showInStore="1">
                    <label>API Key</label>
					<depends>
                        <field id="enable">1</field>
                    </depends>
                </field>
				<field id="api_secret" translate="label" type="text" sortOrder="20" showInDefault="1" showInWebsite="1" showInStore="1">
                    <label>App Secret</label>
					<depends>
                        <field id="enable">1</field>
                    </depends>
                </field>
				<field id="send_password" translate="label" type="select" sortOrder="31" showInDefault="1" showInWebsite="1" showInStore="1">
                    <label>Send Password to Customer</label>
                    <source_model>Magento\Config\Model\Config\Source\Yesno</source_model>
					<depends>
                        <field id="enable">1</field>
                    </depends>
                </field>
				<field id="order" translate="label" type="text" sortOrder="35" showInDefault="1" showInWebsite="1" showInStore="1">
                    <label>Sort Order</label>
					<depends>
                        <field id="enable">1</field>
                    </depends>
                </field>
				<field id="callback_url" translate="label" type="label" sortOrder="40" showInDefault="1" showInWebsite="1" showInStore="1">
					<label>Callback url</label>
					<comment>Please set callback url to app : {{base_url}}/v2agencysociallogin/twitter/connect</comment>
                </field>
            </group>
            <group id="instagram" translate="label" type="text" sortOrder="30" showInDefault="1" showInWebsite="1" showInStore="1">
                <label>Instagram Configuration</label>
                <field id="enable" translate="label" type="select" sortOrder="10" showInDefault="1" showInWebsite="1" showInStore="1">
                    <label>Enable</label>
                    <source_model>Magento\Config\Model\Config\Source\Yesno</source_model>
                </field>
				<field id="client_id" translate="label" type="text" sortOrder="15" showInDefault="1" showInWebsite="1" showInStore="1">
                    <label>Client Id</label>
					<depends>
                        <field id="enable">1</field>
                    </depends>
                </field>
				<field id="client_secret" translate="label" type="text" sortOrder="20" showInDefault="1" showInWebsite="1" showInStore="1">
                    <label>Client Secret</label>
					<depends>
                        <field id="enable">1</field>
                    </depends>
                </field>
				<field id="send_password" translate="label" type="select" sortOrder="31" showInDefault="1" showInWebsite="1" showInStore="1">
                    <label>Send Password to Customer</label>
                    <source_model>Magento\Config\Model\Config\Source\Yesno</source_model>
					<depends>
                        <field id="enable">1</field>
                    </depends>
                </field>
				<field id="order" translate="label" type="text" sortOrder="35" showInDefault="1" showInWebsite="1" showInStore="1">
                    <label>Sort Order</label>
					<depends>
                        <field id="enable">1</field>
                    </depends>
                </field>
				<field id="callback_url" translate="label" type="label" sortOrder="40" showInDefault="1" showInWebsite="1" showInStore="1">
					<label>Callback url</label>
					<comment>Please set callback url to app : {{base_url}}/v2agencysociallogin/instagram/connect</comment>
                </field>
            </group>
            <group id="google" translate="label" type="text" sortOrder="35" showInDefault="1" showInWebsite="1" showInStore="1">
                <label>Google Configuration</label>
                <field id="enable" translate="label" type="select" sortOrder="10" showInDefault="1" showInWebsite="1" showInStore="1">
                    <label>Enable</label>
                    <source_model>Magento\Config\Model\Config\Source\Yesno</source_model>
                </field>
				<field id="client_id" translate="label" type="text" sortOrder="15" showInDefault="1" showInWebsite="1" showInStore="1">
                    <label>Client Id</label>
					<depends>
                        <field id="enable">1</field>
                    </depends>
                </field>
				<field id="client_secret" translate="label" type="text" sortOrder="20" showInDefault="1" showInWebsite="1" showInStore="1">
                    <label>Client Secret</label>
					<depends>
                        <field id="enable">1</field>
                    </depends>
                </field>
				<field id="send_password" translate="label" type="select" sortOrder="31" showInDefault="1" showInWebsite="1" showInStore="1">
                    <label>Send Password to Customer</label>
                    <source_model>Magento\Config\Model\Config\Source\Yesno</source_model>
					<depends>
                        <field id="enable">1</field>
                    </depends>
                </field>
				<field id="order" translate="label" type="text" sortOrder="35" showInDefault="1" showInWebsite="1" showInStore="1">
                    <label>Sort Order</label>
					<depends>
                        <field id="enable">1</field>
                    </depends>
                </field>
				<field id="callback_url" translate="label" type="label" sortOrder="40" showInDefault="1" showInWebsite="1" showInStore="1">
					<label>Callback url</label>
					<comment>Please set callback url to app : {{base_url}}/v2agencysociallogin/google/connect</comment>
                </field>
            </group>
            <group id="linkedin" translate="label" type="text" sortOrder="40" showInDefault="1" showInWebsite="1" showInStore="1">
                <label>LinkedIn Configuration</label>
                <field id="enable" translate="label" type="select" sortOrder="10" showInDefault="1" showInWebsite="1" showInStore="1">
                    <label>Enable</label>
                    <source_model>Magento\Config\Model\Config\Source\Yesno</source_model>
                </field>
				<field id="client_id" translate="label" type="text" sortOrder="15" showInDefault="1" showInWebsite="1" showInStore="1">
                    <label>Client Id</label>
					<depends>
                        <field id="enable">1</field>
                    </depends>
                </field>
				<field id="client_secret" translate="label" type="text" sortOrder="20" showInDefault="1" showInWebsite="1" showInStore="1">
                    <label>Client Secret</label>
					<depends>
                        <field id="enable">1</field>
                    </depends>
                </field>
				<field id="send_password" translate="label" type="select" sortOrder="31" showInDefault="1" showInWebsite="1" showInStore="1">
                    <label>Send Password to Customer</label>
                    <source_model>Magento\Config\Model\Config\Source\Yesno</source_model>
					<depends>
                        <field id="enable">1</field>
                    </depends>
                </field>
				<field id="order" translate="label" type="text" sortOrder="35" showInDefault="1" showInWebsite="1" showInStore="1">
                    <label>Sort Order</label>
					<depends>
                        <field id="enable">1</field>
                    </depends>
                </field>
				<field id="callback_url" translate="label" type="label" sortOrder="40" showInDefault="1" showInWebsite="1" showInStore="1">
					<label>Callback url</label>
					<comment>Please set callback url to app : {{base_url}}/v2agencysociallogin/linkedin/connect</comment>
                </field>
            </group>
			<group id="youtube" translate="label" type="text" sortOrder="45" showInDefault="1" showInWebsite="1" showInStore="1">
                <label>Youtube Configuration</label>
                <field id="enable" translate="label" type="select" sortOrder="10" showInDefault="1" showInWebsite="1" showInStore="1">
                    <label>Enable</label>
                    <source_model>Magento\Config\Model\Config\Source\Yesno</source_model>
                </field>
				<field id="client_id" translate="label" type="text" sortOrder="15" showInDefault="1" showInWebsite="1" showInStore="1">
                    <label>Client Id</label>
					<depends>
                        <field id="enable">1</field>
                    </depends>
                </field>
				<field id="client_secret" translate="label" type="text" sortOrder="20" showInDefault="1" showInWebsite="1" showInStore="1">
                    <label>Client Secret</label>
					<depends>
                        <field id="enable">1</field>
                    </depends>
                </field>
				<field id="send_password" translate="label" type="select" sortOrder="31" showInDefault="1" showInWebsite="1" showInStore="1">
                    <label>Send Password to Customer</label>
                    <source_model>Magento\Config\Model\Config\Source\Yesno</source_model>
					<depends>
                        <field id="enable">1</field>
                    </depends>
                </field>
				<field id="order" translate="label" type="text" sortOrder="35" showInDefault="1" showInWebsite="1" showInStore="1">
                    <label>Sort Order</label>
					<depends>
                        <field id="enable">1</field>
                    </depends>
                </field>
				<field id="callback_url" translate="label" type="label" sortOrder="40" showInDefault="1" showInWebsite="1" showInStore="1">
					<label>Callback url</label>
					<comment>Please set callback url to app : {{base_url}}/v2agencysociallogin/youtube/connect</comment>
                </field>
            </group>
            <group id="amazon" translate="label" type="text" sortOrder="55" showInDefault="1" showInWebsite="1" showInStore="1">
                <label>Amazon Configuration</label>
                <field id="enable" translate="label" type="select" sortOrder="10" showInDefault="1" showInWebsite="1" showInStore="1">
                    <label>Enable</label>
                    <source_model>Magento\Config\Model\Config\Source\Yesno</source_model>
                </field>
				<field id="client_id" translate="label" type="text" sortOrder="15" showInDefault="1" showInWebsite="1" showInStore="1">
                    <label>Client Id</label>
					<depends>
                        <field id="enable">1</field>
                    </depends>
                </field>
				<field id="client_secret" translate="label" type="text" sortOrder="20" showInDefault="1" showInWebsite="1" showInStore="1">
                    <label>Client Secret</label>
					<depends>
                        <field id="enable">1</field>
                    </depends>
                </field>
				<field id="send_password" translate="label" type="select" sortOrder="31" showInDefault="1" showInWebsite="1" showInStore="1">
                    <label>Send Password to Customer</label>
                    <source_model>Magento\Config\Model\Config\Source\Yesno</source_model>
					<depends>
                        <field id="enable">1</field>
                    </depends>
                </field>
				<field id="order" translate="label" type="text" sortOrder="35" showInDefault="1" showInWebsite="1" showInStore="1">
                    <label>Sort Order</label>
					<depends>
                        <field id="enable">1</field>
                    </depends>
                </field>
				<field id="callback_url" translate="label" type="label" sortOrder="40" showInDefault="1" showInWebsite="1" showInStore="1">
					<label>Callback url</label>
					<comment>Please set callback url to app (must be https) : {{base_url}}/v2agencysociallogin/amazon/connect</comment>
                </field>
            </group>
        </section>
    </system>
</config>
