<?xml version="1.0"?>
<!--
/**
 * BSS Commerce Co.
 *
 * NOTICE OF LICENSE
 *
 * This source file is subject to the EULA
 * that is bundled with this package in the file LICENSE.txt.
 * It is also available through the world-wide-web at this URL:
 * http://bsscommerce.com/Bss-Commerce-License.txt
 *
 * @category   BSS
 * @package    Bss_MultiStoreViewPricing
 * @author     Extension Team
 * @copyright  Copyright (c) 2017-2018 BSS Commerce Co. ( http://bsscommerce.com )
 * @license    http://bsscommerce.com/Bss-Commerce-License.txt
 */
-->
<config xmlns:xsi="http://www.w3.org/2001/XMLSchema-instance" xsi:noNamespaceSchemaLocation="urn:magento:framework:ObjectManager/etc/config.xsd">
    <type name="Magento\Quote\Model\ResourceModel\Quote\Item\Collection">
        <plugin name="Bss_MultiStoreViewPricing::Quote_ResourceModel_Item_Collection"
                type="Bss\MultiStoreViewPricing\Plugin\Quote\ResourceModel\Item\Collection" />
    </type>

    <preference for="Magento\Backend\Block\Dashboard\Orders\Grid" type="Bss\MultiStoreViewPricing\Block\Backend\Dashboard\Orders\Grid" />
    <preference for="Magento\Catalog\Block\Adminhtml\Product\Edit\Action\Attribute\Tab\Attributes" type="Bss\MultiStoreViewPricing\Block\Adminhtml\Product\Edit\Action\Attribute\Tab\Attributes" />

    <type name="Magento\Customer\Block\Adminhtml\Edit\Tab\Orders">
        <plugin name="Bss_MultiStoreViewPricing::Customer_Orders"
                type="Bss\MultiStoreViewPricing\Plugin\Customer\Block\Adminhtml\Edit\Tab\Orders"
                sortOrder="10" />
    </type>

    <type name="Magento\Catalog\Block\Adminhtml\Category\Tab\Product">
        <plugin name="Bss_MultiStoreViewPricing::Category_Product"
                type="Bss\MultiStoreViewPricing\Plugin\Catalog\Block\Adminhtml\Category\Tab\Product"
                sortOrder="10" />
    </type>
</config>
