<?xml version="1.0"?>
<!--
/**
* Copyright © 2019 V2Agency . All rights reserved.
*
*/
-->
<config xmlns:xsi="http://www.w3.org/2001/XMLSchema-instance" xsi:noNamespaceSchemaLocation="urn:magento:framework:Acl/etc/acl.xsd">
	<acl>
        <resources>
            <resource id="Magento_Backend::admin">
                <resource id="Magento_Backend::stores">
                    <resource id="Magento_Backend::stores_settings">
                        <resource id="Magento_Config::config">
                            <resource id="V2Agency_Sociallogin::sociallogin" title="Sociallogin module" sortOrder="85" />
                        </resource>
                    </resource>
                </resource>
				<resource id="V2Agency_Core::core">
					<resource id="V2Agency_Sociallogin::sociallogin_settings" title="Sociallogin settings"/>
				</resource>
            </resource>
        </resources>
    </acl>
</config>
