<?xml version="1.0"?>
<markers><marker count="1" name="Vancouver, British Columbia" country="" locationid="444898059" lat="49.2827291" lng="-123.1207375"/><marker count="1" name="Maple Ridge, British Columbia" country="" locationid="467805721" lat="49.2193226" lng="-122.5983981"/><marker count="1" name="Burnaby, British Columbia" country="" locationid="440094217" lat="49.2488091" lng="-122.9805104"/><marker count="1" name="Pitt Meadows, British Columbia" country="" locationid="443865563" lat="49.2190648" lng="-122.6895165"/><marker count="1" name="Squamish, British Columbia" country="" locationid="446667373" lat="49.7016339" lng="-123.1558121"/><marker count="1" name="The Woodlands, Texas" country="" locationid="215862791" lat="30.1658207" lng="-95.4612625"/><marker count="1" name="Pender Island, British Columbia" country="" locationid="554854134" lat="48.7866869" lng="-123.2893996"/><marker count="1" name="Gibsons , British Columbia" country="" locationid="510307063" lat="49.3974171" lng="-123.5152222"/></markers>
